-- ГРУППЫ
-- Дополнительные группы
INSERT INTO groups (id, created_date, update_date, name, start_education_date, language, min_participants,
                    max_participants, current_participants, group_full, course_id, teacher_id)
VALUES (1, now(), now(), 'Группа Scratch 1', '2025-01-10', 'Русский', 3, 10, 2, false, 1, 1),
       (2, now(), now(), 'Группа Математика', '2025-02-15', 'Русский', 3, 10, 1, false, 5, 1),
       (3, now(), now(), 'Группа Английский', '2025-02-20', 'Казахский', 3, 8, 1, false, 3, 2),

        -- Группы по Scratch
       (4, now(), now(), 'Группа Scratch 2', '2025-01-15', 'Казахский', 3, 12, 3, false, 1, 2),
       (5, now(), now(), 'Группа Scratch 3', '2025-01-22', 'Русский', 3, 10, 4, false, 1, 3),

        -- Группы по Йоге
       (6, now(), now(), 'Йога для Детей', '2025-02-01', 'Русский', 2, 8, 5, false, 2, 4),
       (7, now(), now(), 'Йога для Подростков', '2025-02-05', 'Казахский', 2, 8, 3, false, 2, 4),

        -- Группы по Английскому
       (8, now(), now(), 'Английский с нуля 1', '2025-03-01', 'Русский', 3, 9, 2, false, 3, 2),
       (9, now(), now(), 'Английский с нуля 2', '2025-03-10', 'Казахский', 3, 9, 4, false, 3, 3),

        -- Группы по Рисованию
       (10, now(), now(), 'Акварель 1', '2025-02-10', 'Русский', 2, 6, 2, false, 4, 5),
       (11, now(), now(), 'Акварель 2', '2025-02-20', 'Казахский', 2, 6, 1, false, 4, 5),

        -- Группы по Математике
       (12, now(), now(), 'Математика логикум 1', '2025-03-05', 'Русский', 3, 10, 3, false, 5, 1),
       (13, now(), now(), 'Математика логикум 2', '2025-03-15', 'Казахский', 3, 10, 2, false, 5, 2);

-- CHILD-GROUP связи
INSERT INTO child_group (child_id, group_id, created_date)
VALUES (1, 1, '2025-01-01'),  -- Alina в Scratch
       (2, 2, '2025-02-01'),  -- Adil в English
       (15, 1, '2025-02-01'), -- Samat в Scratch
       (16, 2, '2025-03-01'), -- Dana в Math
       (17, 3, '2025-05-01');
-- Marat в Math

-- ---------------------------------------
-- ОПЛАТЫ (PAID, CANCELLED, PENDING)
INSERT INTO payments (id, created_date, update_date, payment_time, amount, percent_of_vat,
                      payment_method, payment_status, transaction_id,
                      child_id, course_id, parent_id)
VALUES (10, '2025-01-13', '2025-01-13', '2025-01-13 08:53:57', 18000.0, 12, 'CASH', 'PAID', 'TXN011', 1, 3, 1),
       (11, '2025-01-20', '2025-01-20', '2025-01-20 13:29:29', 10000.0, 12, 'CARD', 'PAID', 'TXN012', 16, 2, 1),
       (12, '2025-01-11', '2025-01-11', '2025-01-11 15:05:55', 14000.0, 12, 'CARD', 'PAID', 'TXN013', 16, 5, 12),
       (13, '2025-01-08', '2025-01-08', '2025-01-08 10:18:45', 14000.0, 12, 'CASH', 'PAID', 'TXN014', 1, 5, 2),
       (14, '2025-01-18', '2025-01-18', '2025-01-18 16:16:51', 12000.0, 12, 'CASH', 'PAID', 'TXN015', 17, 4, 14),
       (15, '2025-01-16', '2025-01-16', '2025-01-16 13:30:03', 10000.0, 12, 'CARD', 'PAID', 'TXN016', 2, 2, 1),

       (16, '2025-02-03', '2025-02-03', '2025-02-03 14:56:21', 18000.0, 12, 'CARD', 'PAID', 'TXN017', 15, 3, 14),
       (17, '2025-02-12', '2025-02-12', '2025-02-12 11:30:06', 15000.0, 12, 'CARD', 'PAID', 'TXN018', 15, 1, 13),
       (18, '2025-02-11', '2025-02-11', '2025-02-11 12:45:56', 14000.0, 12, 'CARD', 'PAID', 'TXN019', 1, 5, 13),
       (19, '2025-02-16', '2025-02-16', '2025-02-16 09:55:52', 10000.0, 12, 'CASH', 'PAID', 'TXN020', 17, 2, 1),
       (20, '2025-02-07', '2025-02-07', '2025-02-07 12:24:03', 14000.0, 12, 'CASH', 'PAID', 'TXN021', 15, 5, 12),
       (21, '2025-02-22', '2025-02-22', '2025-02-22 14:14:37', 18000.0, 12, 'CASH', 'PAID', 'TXN022', 16, 3, 1),

       (22, '2025-03-25', '2025-03-25', '2025-03-25 09:00:07', 12000.0, 12, 'CASH', 'PAID', 'TXN023', 2, 4, 14),
       (23, '2025-03-14', '2025-03-14', '2025-03-14 09:18:03', 14000.0, 12, 'CARD', 'PAID', 'TXN024', 1, 5, 14),
       (24, '2025-03-23', '2025-03-23', '2025-03-23 09:15:59', 12000.0, 12, 'CARD', 'PAID', 'TXN025', 1, 4, 1),
       (25, '2025-03-10', '2025-03-10', '2025-03-10 10:44:13', 12000.0, 12, 'CARD', 'PAID', 'TXN026', 16, 4, 13),
       (26, '2025-03-14', '2025-03-14', '2025-03-14 15:22:09', 14000.0, 12, 'CASH', 'PAID', 'TXN027', 17, 5, 2),
       (27, '2025-03-17', '2025-03-17', '2025-03-17 13:28:25', 10000.0, 12, 'CASH', 'PAID', 'TXN028', 16, 2, 14),

       (28, '2025-04-02', '2025-04-02', '2025-04-02 13:28:12', 14000.0, 12, 'CASH', 'PAID', 'TXN029', 1, 5, 13),
       (29, '2025-04-12', '2025-04-12', '2025-04-12 08:46:44', 18000.0, 12, 'CASH', 'PAID', 'TXN030', 2, 3, 12),
       (30, '2025-04-07', '2025-04-07', '2025-04-07 18:24:01', 12000.0, 12, 'CARD', 'PAID', 'TXN031', 2, 4, 13),
       (31, '2025-04-24', '2025-04-24', '2025-04-24 09:47:35', 12000.0, 12, 'CARD', 'PAID', 'TXN032', 17, 4, 12),
       (32, '2025-04-08', '2025-04-08', '2025-04-08 18:08:22', 12000.0, 12, 'CARD', 'PAID', 'TXN033', 15, 4, 14),
       (33, '2025-04-06', '2025-04-06', '2025-04-06 17:24:20', 18000.0, 12, 'CASH', 'PAID', 'TXN034', 17, 3, 13),

       (34, '2025-05-20', '2025-05-20', '2025-05-20 08:54:06', 10000.0, 12, 'CASH', 'PAID', 'TXN035', 17, 2, 14),
       (35, '2025-05-17', '2025-05-17', '2025-05-17 12:12:23', 14000.0, 12, 'CASH', 'PAID', 'TXN036', 17, 5, 12),
       (36, '2025-05-12', '2025-05-12', '2025-05-12 11:31:56', 14000.0, 12, 'CARD', 'PAID', 'TXN037', 16, 5, 2);


--
-- INSERT INTO receipts (created_date, update_date, payment_id, receipt_number, description, file_url, issuer)
-- VALUES
